{"stats":{"minecraft:custom":{"minecraft:time_since_rest":9365,"minecraft:crouch_one_cm":68,"minecraft:play_time":9365,"minecraft:sprint_one_cm":24477,"minecraft:damage_taken":110,"minecraft:walk_one_cm":36746,"minecraft:sneak_time":141,"minecraft:walk_under_water_one_cm":1948,"minecraft:mob_kills":2,"minecraft:jump":142,"minecraft:damage_dealt":210,"minecraft:leave_game":1,"minecraft:time_since_death":9365,"minecraft:walk_on_water_one_cm":5043,"minecraft:total_world_time":9365,"minecraft:interact_with_crafting_table":4,"minecraft:fall_one_cm":4095,"minecraft:fly_one_cm":7819},"minecraft:used":{"minecraft:wooden_axe":7,"minecraft:wooden_sword":11,"minecraft:dirt":12,"minecraft:beef":4,"minecraft:crafting_table":1,"minecraft:wooden_pickaxe":8,"minecraft:wooden_shovel":7},"minecraft:picked_up":{"minecraft:leather":3,"minecraft:beef":4,"minecraft:spruce_log":10,"minecraft:coal":1,"minecraft:dirt":12,"minecraft:cobblestone":7},"minecraft:killed":{"minecraft:cow":2},"minecraft:crafted":{"minecraft:wooden_sword":1,"minecraft:wooden_shovel":1,"minecraft:crafting_table":1,"minecraft:spruce_planks":20,"minecraft:stick":8,"minecraft:wooden_pickaxe":1,"minecraft:wooden_axe":1},"minecraft:mined":{"minecraft:grass_block":6,"minecraft:coal_ore":1,"minecraft:dirt":6,"minecraft:spruce_leaves":4,"minecraft:spruce_log":10,"minecraft:stone":7}},"DataVersion":3465}