{"stats":{"minecraft:mined":{"minecraft:grass":1},"minecraft:used":{"minecraft:spruce_door":25},"minecraft:picked_up":{"minecraft:bread":4,"minecraft:apple":1,"minecraft:dandelion":1},"minecraft:custom":{"minecraft:jump":110,"minecraft:open_chest":1,"minecraft:time_since_rest":662,"minecraft:damage_taken":30,"minecraft:crouch_one_cm":10,"minecraft:walk_on_water_one_cm":389,"minecraft:sprint_one_cm":4681,"minecraft:play_time":3383,"minecraft:deaths":5,"minecraft:time_since_death":625,"minecraft:walk_one_cm":3940,"minecraft:sneak_time":7,"minecraft:walk_under_water_one_cm":642,"minecraft:total_world_time":3383,"minecraft:fall_one_cm":2092,"minecraft:fly_one_cm":43025}},"DataVersion":3465}